:locations/id,:locations/description
ChIJ_0QW0F1il1QRS3uecQ6GOxo,"Yakima, WA, USA"
ChIJ_1J17G-7rhIRMBBBL5z2BgQ,"Toulouse, France"
ChIJ_4ByEbGmj4ARq4nyXY6Zv-s,"Menlo Park, CA, USA"
ChIJ_5HEdKUFU0YR5YhIvd8FqdM,"Malmö, Sweden"
ChIJ_R7u-6QcdkgR_TvWQJZsm3k,"Shoreditch, London, UK"
ChIJ_VhfUcO1xUcRPdRLxaNcsIk,"Delft, Netherlands"
ChIJ_xkgOm1TBogRmEFIurX8DE4,"Madison, WI, USA"
ChIJ_Y65I7_04IkRGLBDYoQjCdU,"Sunderland, VT, USA"
ChIJ--acWvtHDW0RF5miQ2HvAAU,"Auckland, New Zealand"
ChIJ-6W7nqVCfYcRx7eTPlphccQ,"Rapid City, SD, USA"
ChIJ-9Usgnui3BQRCxfcs8jBYNE,"Alanya, Antalya, Türkiye"
ChIJ-RRZyGOvlVQR8-ORLBHVVoQ,"Vancouver, WA, USA"
ChIJ-SE43rFRQIgRF5PA5It--2k,"Cincinnati, OH, USA"
ChIJ-Y7t-qm02IcRW-C7IsrqOb4,"St. Louis, MO, USA"
ChIJ-ZeDsnLGmoAR238ZdKpqH5I,"Sacramento, CA, USA"
ChIJ00mFOjZ5hYARk-l1ppUV6pQ,"Berkeley, CA, USA"
ChIJ01zmaVMOyIkR9NFDOt5xFWQ,"Towson, MD, USA"
ChIJ04aKwIQr44cRR3GjJsYevrQ,"Dubuque, IA, USA"
ChIJ05xjq0RBhkgRKuVLOB475JQ,"Dundee, UK"
ChIJ06-NJ06Na4cRWIAboHw7Ocg,"Boulder, CO, USA"
ChIJ09-VQKbYrDAR2QVpy1vMFVA,"Chittagong, Bangladesh"
ChIJ0Qgx67KMGGARd2ZbObLZHPE,"Shibuya, Tokyo, Japan"
ChIJ0RhONcBEFkcRv4pHdrW2a7Q,"Kraków, Poland"
ChIJ0T2NLikpdTERKxE8d61aX_E,"Ho Chi Minh, Ho Chi Minh City, Vietnam"
ChIJ0WGkg4FEzpQRrlsz_whLqZs,"São Paulo, State of São Paulo, Brazil"
ChIJ0X31pIK3voARo3mz1ebVzDo,"Las Vegas, NV, USA"
ChIJ0YaYlvUxZUcRIOw_ghz4AAQ,"Ljubljana, Slovenia"
ChIJ0ZfAkQ6VQAwRZbo4U6y1Nqs,"Las Palmas de Gran Canaria, Spain"
ChIJ1-4miA9QzB0Rh6ooKPzhf2g,"Cape Town, South Africa"
ChIJ1T-EnwNwcVMROrZStrE7bSY,"Calgary, AB, Canada"
ChIJ1W3oXwkJ3IARgiS9qsXdNFc,"Solana Beach, CA, USA"
ChIJ1YMtb8cU6YARSHa612Q60cg,"Santa Barbara, CA, USA"
ChIJ1YyEs1HpcUsREz75-8Ywb8Q,"Goblin, NL, Canada"
ChIJ2_UmUkxNekgRqmv-BDgUvtk,"Manchester, UK"
ChIJ22ZzUS6C34YRRgnSOGkloAA,"Truth or Consequences, NM, USA"
ChIJ24BeDptA0i0RSje5zOg0c-I,"Denpasar, Denpasar City, Bali, Indonesia"
ChIJ2ffh-uLqvzsRpEWXHhe9F3A,"Mapusa, Goa, India"
ChIJ2TWj4iKUwokRbPxbGhAEFFQ,"White Plains, NY, USA"
ChIJ2V-Mo_l1nkcRfZixfUq4DAE,"Munich, Germany"
ChIJ2wAD_c25CIgRgGePgpfYygo,"Rockford, IL, USA"
ChIJ32D3mcO6uUcR6yjze6dM6yE,"Münster, Germany"
ChIJ34SBiw45M4gRf9g1xpVhyBk,"Turkey City, PA, USA"
ChIJ35aN71ersIkRZCXWfyBup4M,"Moon Corner, VA, USA"
ChIJ3a-_JdJQwokR2SXNohPwSQI,"Jersey City, NJ, USA"
ChIJ3aP-zHmvLIgRVkYqup4QZpU,"Grimsby, ON, Canada"
ChIJ3bddqgTh9DkRPvSZaJ3UCdw,"Ranchi, Jharkhand, India"
ChIJ3ehCuiGHZI4RZmzVVuo_9l0,"Merida, Mérida, Venezuela"
ChIJ4_KFjAwNsj8R9kxr74pbDG0,"Shiraz, Fars Province, Iran"
ChIJ402TZCSyw4kRUUFzIlCP3pU,"Cranford, NJ, USA"
ChIJ4dG5s4K3wogRY7SWr4kTX6c,"Tampa, FL, USA"
ChIJ4eIGNFXmAGAR5y9q5G7BW8U,"Osaka, Japan"
ChIJ4V7zUzmgj4ARbWqqC5t75Lg,"Redwood City, CA, USA"
ChIJ5-rvAcdJzDERfSgcL1uO2fQ,"Kuala Lumpur, Federal Territory of Kuala Lumpur, Malaysia"
ChIJ50eLV9cCBYgRhHtBtSIZX0Q,"Milwaukee, WI, USA"
ChIJ53USP0nBhkcRjQ50xhPN_zw,"Milan, Metropolitan City of Milan, Italy"
ChIJ59iDtPZdbIgR2TOtiy2RGuk,"Bloomington, IN, USA"
ChIJ5S-raZElv0cR8HcqSvxgJwQ,"Cologne, Germany"
ChIJ5TCOcRaYpBIRCmZHTz37sEQ,"Barcelona, Spain"
ChIJ5WDIIBV7GpYRZZp7y5euEII,"Bariloche, Río Negro, Argentina"
ChIJ5x-_1z3soUYR1IUEmtiwneQ,"Petrozavodsk, Russia"
ChIJ5x5hwaSZ7ocRsuSRJlEoAHE,"Des Moines, IA, USA"
ChIJ6_p622YIOxMRfriMZcxDOtI,"Napoli, Metropolitan City of Naples, Italy"
ChIJ60u11Ni3xokRwVg-jNgU9Yk,"Philadelphia, PA, USA"
ChIJ73WSlDSqRFMRl39CsEUsRIo,"Montana City, MT, USA"
ChIJ7cmZVwkRsYkRxTxC4m0-2L8,"Richmond, VA, USA"
ChIJ7cv00DwsDogRAMDACa2m4K8,"Chicago, IL, USA"
ChIJ7eAoFPQ4qBQRqXTVuBXnugk,"Thessaloniki, Greece"
ChIJ7fwMtciNk4cRBLY3rk9NQkY,"Omaha, NE, USA"
ChIJ7THRiJQ9UocRyjFNSKC3U1s,"Salt Lake City, UT, USA"
ChIJ7Uh9bbZ_k2sRUK_e81qjAgM,"Sunshine Coast QLD, Australia"
ChIJ7WVKx4w3lkYR_46Eqz9nx20,"Saint Petersburg, Russia"
ChIJ8-RGYCmrmkcREOrjxwO_UKk,"Zug, Switzerland"
ChIJ82Dog8rQ5IkRNGG2NHdkgbU,"Falmouth, MA, USA"
ChIJ82ENKDJgHTERIEjiXbIAAQE,"Bangkok, Thailand"
ChIJ83uYGoNHnDkR1vj5zkJN31M,"Kanpur Nagar, Uttar Pradesh, India"
ChIJ855KeoFEtokRLNrJFhErkwk,"Centreville, VA, USA"
ChIJ8bNLzPCmMI4RaGGuUum1Dx8,"Cali, Valle del Cauca, Colombia"
ChIJ8cM8zdaoAWARPR27azYdlsA,"Kyoto, Japan"
ChIJ8RFCavcthEcR4PihLiEEjO8,"Lugano, Switzerland"
ChIJ8UNwBh-9oRQR3Y1mdkU1Nic,"Athens, Greece"
ChIJ8V0qw5Ix1zsRU7Im6JEqp88,"Akola, Maharashtra, India"
ChIJ8WibZUPN9F8RqoY_1FN1vXI,"Takada, Agano, Niigata, Japan"
ChIJ8WYPEnHkrIkRfvJGionaeuE,"Durham, NC, USA"
ChIJ8yIZtLuLGGARrGzw8nX96zM,"Minato City, Tokyo, Japan"
ChIJ8ZC2sPRyXz4R0fkY0Q-Lg74,Dubai Investments Park - Dubai - United Arab Emirates
ChIJ9-BRny9arIkRrfARilK2kGc,"Raleigh, NC, USA"
ChIJ90260rVG1moRkM2MIXVWBAQ,"Melbourne VIC, Australia"
ChIJ9bpX1iBnBZERle1NpPwuRKA,"Asia, Peru"
ChIJ9cr6ICcB2YgRvo6_QHW-AnY,"Fort Lauderdale, FL, USA"
ChIJ9fg3tDGVYoYRlJjIasrT06M,"Monterrey, Nuevo Leon, Mexico"
ChIJ9QhkXPuT3UYRQNzpcIzRAAQ,"Vilnius, Vilnius City Municipality, Lithuania"
ChIJ9T_5iuTKj4ARe3GfygqMnbk,"San Jose, CA, USA"
ChIJ9VPsNNQCbkgRDmeGZdsGNBQ,"Cardiff, UK"
ChIJ9xKDBSRPeqoRoPHd0E3JAwQ,"Nowhere Else TAS, Australia"
ChIJ9Xsxy4KGqkARYF6_aRKgAAQ,"Sofia, Bulgaria"
ChIJ9y4icpjBn0cREMs3CaQlHQQ,"Regensburg, Germany"
ChIJa_3lYloOkFQRsFCYU_FJJAc,"Bothell, WA, USA"
ChIJA-2qKIt9hYARZ5N1NdUVtHE,"Oakland, CA, USA"
ChIJA-aOAy5it4kRwDJyjFUZEgc,"California, MD, USA"
ChIJa2JP5tcMREARo25X4u2E0GE,"Tbilisi, Georgia"
ChIJA2p5p_9Qa4gRfOq5QPadjtY,"Indianapolis, IN, USA"
ChIJA3B6D9FT4joRjYPTMk0uCzI,"Colombo, Sri Lanka"
ChIJA4UGSG_xNIgRNBuiWqEV-Y0,"Pittsburgh, PA, USA"
ChIJA7bcoFFxa4cRzyG8MMfi3iM,"Conifer, CO, USA"
ChIJa7EyH5n9mzkR54uXCYm6zJM,"Lucknow, Uttar Pradesh, India"
ChIJa8lu5gvtDzkR_hlzUvln_6U,"Chandigarh, India"
ChIJaebm4TS3wokRN6T8iBY2l8M,"Croton-on-Hudson, NY, USA"
ChIJafWcYtnBekgRn_jYjbNsYkk,"Chester, UK"
ChIJAQJ82LSxWIgRjutcOt9s6fA,"New Switzerland, GA, USA"
ChIJARFGZy6_wjsRQ-Oenb9DjYI,"Pune, Maharashtra, India"
ChIJAVDJ-0XQ2oARw2sUAFr-5-Q,"Joshua Tree, CA, USA"
ChIJAVkDPzdOqEcRcDteW0YgIQQ,"Berlin, Germany"
ChIJaw96yGSc_F0RnyoUbCDVslM,"Hong Kong, Sonid Left Banner, Xilingol League, Inner Mongolia, China"
ChIJawhoAASnyhQR0LABvJj-zOE,"İstanbul, Türkiye"
ChIJAYWNSLS4QIYROwVl894CDco,"Houston, TX, USA"
ChIJAZ-GmmbMHkcR_NPqiCq-8HI,"Varshava, Poland"
ChIJazOHl690SgkRb-d_j5di3Vw,"Tarrafal, Cabo Verde"
ChIJb_KF3fiuLjQRECJYbKzJwjk,"Wuhan, Hubei, China"
ChIJB0iCza1YKowRg4SZCq4u3ZM,"Caracas, Capital District, Venezuela"
ChIJB1lG8XvJuEcRsHMqSvxgJwQ,"Düsseldorf, Germany"
ChIJb3NahAqjczkRCM7ukzUQD1o,"Bharatpur, Rajasthan, India"
ChIJB3UJ2yYAzoURQeheJnYQBlQ,"Mexico City, CDMX, Mexico"
ChIJb4oowkkrVXkRdxTeMDIWZb0,"Kaanapali, HI, USA"
ChIJb7Dv8ExPYA0ROR1_HwFRo7Q,"Valencia, Spain"
ChIJB89dUQVwaocRxKOafh_AzMk,"Vail, CO, USA"
ChIJB8iYJYPu60YRAATzaM3PAAQ,"Valmiera, Latvia"
ChIJb9QWRmdd1moR8P2MIXVWBAU,"Docklands VIC, Australia"
ChIJBa0PuN8oRI4RVju1x_x8E0I,"Medellín, Medellin, Antioquia, Colombia"
ChIJBRH6YmaPV4gRlnYlv3edqtg,"Greenville, SC, USA"
ChIJbSDXGjejKogRWlNLqAAPLh0,"Barrie, ON, Canada"
ChIJbU60yXAWrjsR4E9-UejD3_g,"Bengaluru, Karnataka, India"
ChIJBUaqzH0H2EcR1Y1t2eEt_q4,"Peterborough, UK"
ChIJBUVa4U7P1EAR_kYBF9IxSXY,"Kyiv, Ukraine"
ChIJbwj_7neNORARqQSObvfgMzs,"Ibadan, Nigeria"
ChIJBx4GBoeUlxIRUtQsMHk3UuE,"Palma de Mallorca, Spain"
ChIJbxlo4m9oA4wR3FqTXA9_a60,"San Juan, Puerto Rico"
ChIJByjqov3-AzQR2pT0dDW0bUg,Hong Kong
ChIJC_slSiv1pRIRgHKZkXCUAAo,"Andorra la Vella, Andorra"
ChIJc_TmcHvYPocR4eO6cSF37jg,"Telluride, CO, USA"
ChIJc4cQTKcP3okRPHKk9fl-ETM,"Troy, NY, USA"
ChIJC4gH2Q1WcY8RakxPFKL0Xmw,"Managua, Nicaragua"
ChIJc5HCY736u4YR4mlso-1a-g8,"Sinaloa, Mexico"
ChIJCbViPKbxcm0R0L2iQ2HvAAU,"Coromandel, New Zealand"
ChIJcd6QucGJOIgRM7Wxz_hmMuQ,"Columbus, OH, USA"
ChIJCdPD6I-lAowRK-opL7569n0,"Rincon, Rincón, Puerto Rico"
ChIJce5riq5JSQ0RlrqCFoDcfNI,"Santander, Spain"
ChIJCSF8lBZEwokRhngABHRcdoI,"Brooklyn, NY, USA"
ChIJCSkVvleJc0gR8HHaTGpajKc,"Southampton, UK"
ChIJcUZs2Snjvi0RsHD3yvsLAwM,"Makassar, Makassar City, South Sulawesi, Indonesia"
ChIJCW8PPKmMWYgRXTo0BsEx75Q,"Asheville, NC, USA"
ChIJcWGw3Ytzj1QR7Ui7HnTz6Dg,"Victoria, BC, Canada"
ChIJcXVOA7sH8BIRErdVsujc_Sg,"Annaba, Algeria"
ChIJD4-UF4Si1BIR7M-WXlpNVgM,"Chiavari, Metropolitan City of Genoa, Italy"
ChIJd5sITYg8sY0ReRs4yXxKEeY,"Chinese Landing, Guyana"
ChIJD7fiBh9u5kcRYJSMaMOCCwQ,"Paris, France"
ChIJd7zN_thz54gRnr-lPAaywwo,"Orlando, FL, USA"
ChIJd9ED1xh2Lg0RW7aoIgdLKJA,"Ferrol, Spain"
ChIJDbdkHFQayUwR7-8fITgxTmU,"Montreal, QC, Canada"
ChIJdd4hrwug2EcRmSrV3Vo6llI,"London, UK"
ChIJddk1NpDMWzcRbPIeREpLyu4,"Nalbari, Assam, India"
ChIJddqH-2GcAIkR3NW6PmsmoAk,"Ocean Isle Beach, NC, USA"
ChIJdQNSVUrIcEgRoaxWKblnPEY,"Warwick, UK"
ChIJdR3LEAHKJIgR0sS5NU6Gdlc,"Detroit, MI, USA"
ChIJdRc3NFg1TRARdOG_mpeVAUg,"Kaduna, Nigeria"
ChIJDS6O52Gj6L0RoFGznpqUIlk,"Pico Truncado, Santa Cruz Province, Argentina"
ChIJdVbxQw1i9T8R9vsck_lA3UE,"Rasht, Gilan Province, Iran"
ChIJdyOVrTSx0YgRXjtGdy_pzj8,"Key West, FL, USA"
ChIJDyRxCgLO5okR3C9MlxUdddU,"Amherst, MA, USA"
ChIJdySo3EJ6_ogRa-zhruD3-jU,"Charleston, SC, USA"
ChIJDZqXv5vz2YkRRZWt1-IM1QA,"Syracuse, NY, USA"
ChIJE_6QpCwkcC4RtowlaxKKxsA,"Pekalongan, Pekalongan City, Central Java, Indonesia"
ChIJE-h06FwvO0ERvWKn-w5M2Ug,"Voronezh, Russia"
ChIJe1r5ZthH3UcRISplBduuaWg,"Arras, France"
ChIJE4i6T0xERVMRqmA792TQ9WM,"Bozeman, MT, USA"
ChIJe4MJ090KIocR_fbZuM7408A,"Albuquerque, NM, USA"
ChIJe6tUMeDf2kARbhhrfRc6-rA,"Kryvyi Rih, Dnipropetrovsk Oblast, Ukraine"
ChIJE8P_pATXwokRCZLShQ7K7G8,"Florida, NY, USA"
ChIJE9o_FD-5wokR7q0qrnVGHkk,"Chappaqua, NY, USA"
ChIJE9on3F3HwoAR9AhGJW_fL-I,"Los Angeles, CA, USA"
ChIJEcHIDqKw2YgRZU-t3XHylv8,"Miami, FL, USA"
ChIJEdVbsxoLaYgRMv1xICi009Q,"Louisville, KY, USA"
ChIJefhGnc-b4YcRT8EVH3dODTg,"Shanghai City, IL, USA"
ChIJeRg8YmUfm4ARmTlJulJKryI,"Roseville, CA, USA"
ChIJEUHNHQ9kXz4Rw5JHYr7nOMs,Dubai Silicon Oasis - Dubai - United Arab Emirates
ChIJeV6vyIahbocRHxIKToC6z9I,"Greeley, CO, USA"
ChIJEVE_wDqUEkcRsLEUZg-vAAQ,"Brno, Czechia"
ChIJEVZdr8nrx0cR43GF2RgNpME,"Deventer, Netherlands"
ChIJEWEVYFFdXUgRBpnunAxHwgM,"Carlow, Ireland"
ChIJEXrwv2AXuUcRUIdUMYHyJwQ,"Dortmund, Germany"
ChIJeXvHOD8ZU4gRyBK-eJTEuZM,"Greensboro, NC, USA"
ChIJezo14dQNQjERo8zfXkM24wo,"Hội An, Quảng Nam, Vietnam"
ChIJezVzMaTlDDkRP8B8yDDO_zc,"Noida, Uttar Pradesh, India"
ChIJF4dF8i6WhVQR8OA5zamcetU,"Bellingham, WA, USA"
ChIJF4ggasFB5IcRsIIFh2cYcW0,"Iowa City, IA, USA"
ChIJf4yS1fiBYw0RmqvEOJsSJ9Y,"Murcia, Spain"
ChIJf5xP2dtqukcRAIVUMYHyJwQ,"Bad Salzuflen, Germany"
ChIJFb7o-qkKeUgReLAGr_UnKD4,"Sheffield, UK"
ChIJfcRUX2C3xUcRhUtelay7KVI,"Rotterdam, Netherlands"
ChIJfS63kcTsO20RgKSW54jvAAo,"Nelson, New Zealand"
ChIJFWkaLT9X5IcRCp1Xv2B9P2M,"Swisher, IA, USA"
ChIJFY7sEdBMzDER0-cmAvfz-Us,"Subang Jaya, Selangor, Malaysia"
ChIJfZb309-oei4RS3XEBLNIKVg,"Banjarnegara, Central Java, Indonesia"
ChIJFZHj_iwqtokRJN_J2RC-pew,"Rockville, MD, USA"
ChIJG0xdtrKTJkMRL-eKmB3xC88,"Tomsk, Russia"
ChIJG2KNShZyuokRzNuz34kt6UA,"Moon, VA, USA"
ChIJG2mX3o3QDIgRz791tEd49TA,"Champaign, IL, USA"
ChIJG4gSXMbk04cRoiQoZFbKlYk,"Data, AR, USA"
ChIJg9x32UIAXUARfMnZm_-fSrw,"Japana, Georgia"
ChIJGaK-SZcLkEcRA9wf5_GNbuY,"Zürich, Switzerland"
ChIJGbq8TYXUdUcRFyq3YO5WJIA,"Fucking, Austria"
ChIJgcizkdy3njgRfeLefPW6Lkk,"Bishkek, Kyrgyzstan"
ChIJgdL4flSKrYcRnTpP0XQSojM,"Oklahoma City, OK, USA"
ChIJgeJXTN9KbDkRCS7yDDrG4Qw,"Jaipur, Rajasthan, India"
ChIJGQCRws6kwoARq_Uj_7UKF7Q,"Santa Monica, CA, USA"
ChIJgRo4_MQfVIgRZNFDv-ZQRog,"Charlotte, NC, USA"
ChIJGRVPVlgR4kARxIKgBK0i39U,"Shakhty, Russia"
ChIJgTwKgJcpQg0RaSKMYcHeNsQ,"Madrid, Spain"
ChIJGzE9DS1l44kRoOhiASS_fHg,"Boston, MA, USA"
ChIJH_eyPeF_LYgRClsdEi6u84k,"Erie, PA, USA"
ChIJH_vNlMLcekgRVjoVOyc2Ag8,"Cheshire, Chester, UK"
ChIJH3w7GaZMHRURkD-WwKJy-8E,"Tel Aviv, Israel"
ChIJhcmd2eZArkIRVsgDq9D8R8Y,"Altay, Xinjiang, China"
ChIJhU9JTVELsEcRIEeslG2sJQQ,"Hannover, Germany"
ChIJhYgM_X5OXjkRFVJLDDy5oKk,"Anand, Gujarat, India"
ChIJHYuTkScGw4kRjc-T9JIvE4Y,"Boonton, NJ, USA"
ChIJhZDWpy_eDkgRMKvkNs2lDAQ,"Rennes, France"
ChIJHznoz9rNwogRk6CvFeOagGA,"Brandon, FL, USA"
ChIJI__egEUioFMRXRX2SgygH0E,"Edmonton, AB, Canada"
ChIJI_yFvaYCPIcRWn6mo4KIK9w,"Durango, CO, USA"
ChIJI-4AIK0MkFQR8gTYxeqQA14,"Redmond, WA, USA"
ChIJi3lwCZyTC0cRkEAWZg-vAAQ,"Praha, Czechia"
ChIJi3vRA7SXw4kRZ25Iqf5Mah8,"Far Hills, NJ, USA"
ChIJI6vDBgqJ6QcReKQCm_foMwE,"Preá - Caiçara, Cruz - State of Ceará, Brazil"
ChIJi8MeVwPKlzMRH8FpEHXV0Wk,"Manila, Metro Manila, Philippines"
ChIJi9Zl1IBbtokRUuf7tl6bUoM,"Manassas, VA, USA"
ChIJIacfzy7Wm4AR0Z5sgTCymCo,"Tahoe City, CA, USA"
ChIJIdKiTjCGZ0ARZ6ku4alTMHo,"Batumi, Georgia"
ChIJIQBpAG2ahYAR_6128GcTUEo,"San Francisco, CA, USA"
ChIJiQHsW0m3j4ARm69rRkrUF3w,"Mountain View, CA, USA"
ChIJiTC9NFfCOxMRoHQD2hOXpBU,"Salerno, SA, Italy"
ChIJiwtskR8MSUcRixQfMxxgvAs,"Cluj-Napoca, Romania"
ChIJIXdEACPF7zYRAg4kLs5Shrk,"Chengdu, Sichuan, China"
ChIJIz2AXDxTUkYRuGeU5t1-3QQ,"Copenhagen, Denmark"
ChIJIz6yOEQCJ0ER4ir36JhoNwA,"Ukraine, Kharkiv Oblast, Ukraine"
ChIJJ_s278Ij2YgRyZVgyu6mPtI,"Boca Raton, FL, USA"
ChIJJ3SpfQsLlVQRkYXR9ua5Nhw,"Portland, OR, USA"
ChIJJ4HJLQEP3YkRE8kyWFqJ10E,"Kingston, NY, USA"
ChIJj6RQ6i2Gs4kR_HSLw5bwhpA,"Charlottesville, VA, USA"
ChIJjasyhfvLX0YRBwiChQrpT6o,"Uppsala, Sweden"
ChIJJcqUQ_iCK0ERQmlapehTqzs,"Shostka, Sumy Oblast, Ukraine"
ChIJJeDquuvBtokRoZGmIQpFpn8,"Fredericksburg, VA, USA"
ChIJjeey1Q6YIw0RBx88Ac3hQjA,"Aveiro, Portugal"
ChIJjQ2nVpcWfo4RabrmDBOxTL4,"San Carlos, Cojedes, Venezuela"
ChIJjQ9YJtOAMioRkFDfNbXwBAU,"Secret Harbour WA, Australia"
ChIJjQmTaV0E9YgRC2MLmS_e_mY,"Atlanta, GA, USA"
ChIJjU0jUEkwGw0RV_waR6OqEFQ,"Lagos, Portugal"
ChIJjx-t1cZE0i0R9FBMGRkBhHM,"Kuta Selatan, Badung Regency, Bali, Indonesia"
ChIJJxjVrDOGwoARSNYFc-CPSlY,"Santa Clarita, CA, USA"
ChIJjy7R3biStocR92rZG8gQaec,"Tulsa, OK, USA"
ChIJK0zPwDMH3YkR_HEHiO--XLg,"Woodstock, NY, USA"
ChIJK1kKR2lDwokRBXtcbIvRCUE,"Queens, NY, USA"
ChIJK1mmj6TDLBMRnUTxF9uE8sE,"Rimini, Province of Rimini, Italy"
ChIJk27GCIxyRw0R72uiHNSS_7M,"Valladolid, Spain"
ChIJk4jbBYqWuEwRAzro8GMtxY8,"Québec City, QC, Canada"
ChIJK5ntR7_2BFMRkCZ3lTKeBAU,"Saskatoon, SK, Canada"
ChIJk69sWVZhWogRVvOYVedele8,"Jonesborough, TN, USA"
ChIJk8EIXIG3j4ARwL_Ao3ykdeQ,"Santa Clara, CA, USA"
ChIJK9LmoS5BE4cRE2vo9ZLrjkE,"Colorado Springs, CO, USA"
ChIJkaQQgGhEHkARlOHIag4zFG8,"Deez, Ardabil Province, Iran"
ChIJKcumLf2bP44RFDmjIFVjnSM,"Bogotá, Bogota, Colombia"
ChIJkdA4wv3neUgR1X34vYfTgBw,"Gotham, Nottingham, UK"
ChIJkf3H-FuqwokRsOJF6jEVjtc,"Ridgefield, CT, USA"
ChIJkQYhlscLkkYRY_fiO4S9Ts0,"Helsinki, Finland"
ChIJkSU6-EN6RIgR2AmKUDHFYQ8,"Korea, KY, USA"
ChIJKSY-5sTWw4kRP6rIsCLIimI,"Manalapan Township, NJ, USA"
ChIJkVLh0Aj0AzQRyYCStw1V7v0,"Shenzhen, Guangdong Province, China"
ChIJkx_yzUPgI2sRwORDkLQJBgQ,"Albury NSW, Australia"
ChIJKXmZxSNvYIcR6i9SEut-djg,"Midwest, WY, USA"
ChIJkY5hXt0UWQ0RqImEFfET30k,"Zaragoza, Spain"
ChIJKyy_aSEg5ogRlo0QKF1554A,"Gainesville, FL, USA"
ChIJkzxaPHOQhYARhtX5z92kf9I,"Mill Valley, CA, USA"
ChIJL_P_CXMEDTkRw0ZdG-0GVvw,"Delhi, India"
ChIJl2HKCjaJbEcRaEOI_YKbH2M,"Bratislava, Slovakia"
ChIJL3KReNC_3zgRtgLbO1xRWWA,"Islamabad, Pakistan"
ChIJl5npr173wIcRolGqauYlhVU,"Kansas City, MO, USA"
ChIJL68lBEHFYpYRMQkPQDzVdYQ,"Santiago, Chile"
ChIJL6wn6oAOZ0gRoHExl6nHAAo,"Dublin, Ireland"
ChIJl8EruCv-Xw0RSU_G4Usgib8,"Castellón de la Plana, Spain"
ChIJl8Or7APs_kcRwJLnYJLTBQQ,"Rochechouart, France"
ChIJLbZ-NFv9DDkRzk0gTkm3wlI,"New Delhi, Delhi, India"
ChIJLe6wqnKcskwRKfpyM7W2nX4,"Portland, ME, USA"
ChIJLQEq84ld2EcRIT1eo-Ego2M,"Cambridge, UK"
ChIJLRh_0mrbuocRPj3TdL_VlpM,"Wichita, KS, USA"
ChIJLSHbT8RZcg0RzzLKyZLcJWA,"Málaga, Spain"
ChIJlW3HOfOnBIwRoVRLzRXem8g,"Humacao, Puerto Rico"
ChIJLwPMoJm1RIYRetVp1EtGm10,"Austin, TX, USA"
ChIJLWto4y7vMIgRQhhi91XLBO0,"Cleveland, OH, USA"
ChIJM1PaREO_yRIRIAKX_aUZCAQ,"Marseille, France"
ChIJM2pN3-KzFg0RRiegIFwMVFU,"La Morera, Badajoz, Spain"
ChIJM3YgpL-ry4kRvfD2T5WCMbQ,"Fishertown, PA, USA"
ChIJM4e8fJfOFw4RxrdYibwBb1Q,"Timbuktu, Mali"
ChIJM9KTrJpXkWsRQK_e81qjAgQ,"Brisbane QLD, Australia"
ChIJmaqaQym2SzQROuhNgoPRv6c,"Hangzhou, Zhejiang, China"
ChIJMbOLyNA_AocRYVRX-1HM0fw,"Earth, TX, USA"
ChIJmbYb_YQ_kYARGIKGvCCqL-0,"Merced, CA, USA"
ChIJmc2sfCutXkERZYyttbl3y38,"Kazan, Russia"
ChIJmdBOgcnoGRMRgNg7IywECwo,"Palermo, PA, Italy"
ChIJmQrivHKsQjQR4MIK3c41aj8,"Taipei, Taiwan"
ChIJMS2FahDQzRIRcJqX_aUZCAQ,"Nice, France"
ChIJmW0vgHqluokReQtxkBcbe0w,"Chesapeake, VA, USA"
ChIJMWGXwQ78wogRAkw7DN8HkVQ,"Redington Shores, FL, USA"
ChIJMx9D1A2wPIgR4rXIhkb5Cds,"Ann Arbor, MI, USA"
ChIJMXQkn7cKvUcRwJmzKVBDIgU,"Frankfurt-Flughafen, Frankfurt, Germany"
ChIJMzz1sUBwsjURoWTDI5QSlQI,"Shanghai, China"
ChIJN0NP5toCfjURlapxF-J3BtQ,"Pyongyang, North Korea"
ChIJn1BbLn-fqTMRNRkO8K6KmvA,"Cebu City, Cebu, Philippines"
ChIJn40RN_V0fo4R-sKQtLnPUbg,"Cojedes, Venezuela"
ChIJN4wxfxzAIogRnp0CiSO2eEM,"Lansing, MI, USA"
ChIJn8o2UZ4HbUcRRluiUYrlwv0,"Vienna, Austria"
ChIJN8SazIm0lVQRY6O8kJN3Gfs,"Battle Ground, WA, USA"
ChIJNa25DJX5jVMRLyz3zURcKKo,"Moberly Lake, BC, Canada"
ChIJNaA_RqI1h1QRstMzuX5g-UQ,"Pemberton, BC, Canada"
ChIJnaCSkq5AmYARh_c4dM7FxUA,"Reno, NV, USA"
ChIJnaVk3xChhEcR2JYt34kGM9A,"Davos, Switzerland"
ChIJNb4UJ3a_DA0R63QwjEmqPW8,Gibraltar
ChIJnbRH6XLxrlQRm51nNpuYW5o,"Boise, ID, USA"
ChIJNc0j6G3raDURpwhxJHTL2DU,"Busan, South Korea"
ChIJNdvdG-6kMRkRL08T5Zs7FKU,"Harare, Zimbabwe"
ChIJnT61L3tvyYcRz8i0_GnwGUU,"Fayetteville, AR, USA"
ChIJnUvjRenzaS4RoobX2g-_cVM,"Jakarta, Indonesia"
ChIJnzfp5M7UslIRKS7aP9KRcsg,"St Paul, MN, USA"
ChIJO_PkYRozGQ0R0DaQ5L3rAAQ,"Lisbon, Portugal"
ChIJO13QqUW2j4ARosN83Sb7jXY,"Sunnyvale, CA, USA"
ChIJo1fOTiy0Yw0R3STna3zepdk,"Elche, Spain"
ChIJo2xmaNZO4okReXE1H0YyBGs,"Manchester, NH, USA"
ChIJO4rQ1_3_YEgRMcXH7ywWVy4,"Belfast, UK"
ChIJO6-7XiqGk4ARvgGj0e_gdaw,"Kerman, CA, USA"
ChIJOcwCyZLWZUcRisL7KJYkRTo,"Zagreb, Croatia"
ChIJOdRbx0443okRqKKUG2pFHWQ,"Saratoga Springs, NY, USA"
ChIJoeXfUmES04kRcYEfGKUEI5g,"Buffalo, NY, USA"
ChIJOfBn8mFuQUYRmh4j019gkn4,"Oslo, Norway"
ChIJoQjlifNKr4YRaLiiwWLfpEs,"Cabo San Lucas, BCS, Mexico"
ChIJORy6nXuwj4ARz3b1NVL1Hw4,"Palo Alto, CA, USA"
ChIJoRyG2ZurNTERqRfKcnt_iOc,"Hanoi, Hoàn Kiếm, Hanoi, Vietnam"
ChIJOwg_06VPwokRYv534QaPC8g,"New York, NY, USA"
ChIJoX4SVUUHZUgR5BxQo1j4ljc,"Llanfairpwllgwyngyllgogerychwyrndrobwllllantysiliogogogoch, Llanfairpwllgwyngyll, UK"
ChIJp_qQIudSBQ0RWv9KSdTCc40,"Faro, Portugal"
ChIJp0lN2HIRLxgRTJKXslQCz_c,"Nairobi, Kenya"
ChIJP3Sa8ziYEmsRUKgyFmh9AQM,"Sydney NSW, Australia"
ChIJp6GRxEu654kRJwy7dYth-WI,"Bristol, CT, USA"
ChIJP7Mmxcc1t2oRQMaOYlQ2AwQ,"Adelaide SA, Australia"
ChIJp7UPy31nRUcRSWeTc2Svf1M,"Timișoara, Romania"
ChIJp8Uk9xvm30ARwu6_7FXimKM,"Bakhmut, Donetsk Oblast, Ukraine"
ChIJp9yZoLVvyi0RQOJIK83UHnU,"Bali, Dompu Regency, West Nusa Tenggara, Indonesia"
ChIJpQuGgIKaRIgRE7tPl3B2658,"Frozen Creek, KY, USA"
ChIJpTvG15DL1IkRd8S0KlBVNTI,"Toronto, ON, Canada"
ChIJPXNH22yWMioR0FXfNbXwBAM,"Perth WA, Australia"
ChIJPXSLExckGZUR-Soh-E85bRw,"Três Coroas, RS, Brazil"
ChIJpY7K2NAaNYgRlrux00_ON3M,"California, PA, USA"
ChIJpycV_OjBuokRcwEuo4AQFgQ,"Virginia Beach, VA, USA"
ChIJPZDrEzLsZIgRoNrpodC5P30,"Nashville, TN, USA"
ChIJpZJq8FXDw4kRDCOOeQZVkiU,"New Brunswick, NJ, USA"
ChIJQ_cD4iA1CI0RY0A_2nkgz5c,"Paramaribo, Suriname"
ChIJQ-N3iCDf2IgRNpIns7Gl7O4,"Boynton Beach, FL, USA"
ChIJq3fTG1e0j4ARtHjho-E_TTk,"Cupertino, CA, USA"
ChIJQ4iRTl_k2YkRSVvxwmjqFX8,"Baldwinsville, NY, USA"
ChIJq6V-EPGJr44RZMEVJ7iHxdY,"Santo Domingo, Dominican Republic"
ChIJq92jkavIXzkRuD9H4b_TOaw,"Vadodara, Gujarat, India"
ChIJqb3l18-l0WoRcLKgMKR5BQQ,"Nowhere Creek VIC, Australia"
ChIJqdYaECnPCUcRsP6IQsuxIQQ,"Dresden, Germany"
ChIJQfDw5X-ox0cRJGEbNX8fdak,"Elst, Netherlands"
ChIJqfdYVHxXwxQRQbcE80WC3QY,"Manavgat, Antalya, Türkiye"
ChIJQQgCJdPgzVQRB4ZLyAEtao4,"Mount Shasta, CA, USA"
ChIJqULORiIWXIgRxTT1xNqS6ns,"Knoxville, TN, USA"
ChIJqVGQfkOl3YkRvegQRX34rw4,"Palenville, NY, USA"
ChIJQVHVoBJ_hDkR4jVuODSDIKY,"Satna, Madhya Pradesh, India"
ChIJqVKY50NQGIcRQN-I_XMjkIw,"Santa Fe, NM, USA"
ChIJQysSzf1NyIkRP-KTe6knRtw,"Germany, PA, USA"
ChIJR-cWgxTHzhIR37mELWMbKpE,"Saint-Tropez, France"
ChIJr-eHXCDBGGARXvaiv8DydIw,"Saitama, Japan"
ChIJr2K_4alIx0cRBpB_fhZ_LpM,"Maasbree, Netherlands"
ChIJR4wp4eF9WocR-Ez03desy9g,"Green River, WY, USA"
ChIJR6D-v-K2vEwRps_jI1yfop4,"Maine, ME, USA"
ChIJr7CGmxqHjYcR20sCR3Q2spE,"Discord, IA, USA"
ChIJra6o8IHuBUgRMO0NHlI3DQQ,"Nantes, France"
ChIJRcbZaklDXz4RYlEphFBu5r0,Dubai - United Arab Emirates
ChIJRcoiUzqXuokRCh56zn8Qmas,"Norfolk, VA, USA"
ChIJrQfILRJuToYRvaxp3fiLr6Q,"Fort Worth, TX, USA"
ChIJrTzSGUexwoARttmLvMdiBYw,"El Segundo, CA, USA"
ChIJrUOUM-Fww0cRQFFNL6uZAAQ,"Ghent, Belgium"
ChIJRVWp72Cej4ARpxvMLfT8jv0,"San Mateo, CA, USA"
ChIJrw7QBK9YXIYRvBagEDvhVgg,"San Antonio, TX, USA"
ChIJrwdqtldFDhMRzvlEdaikdSM,"San Ġwann, Malta"
ChIJrWNGem5LtokRWZc9l4hmU24,"Falls Church, VA, USA"
ChIJrx_ErYAzcUgRAnRUy6jbIMg,"Oxford, UK"
ChIJrxNRX7IFzkwR7RXdMeFRaoo,"Ottawa, ON, Canada"
ChIJS_tPzDQK3okRxCjnoBJjoeE,"Albany, NY, USA"
ChIJs-olvq4DWogRWMwX32Wbw_w,"Burnsville, NC, USA"
ChIJs-Xb_9Qa24ARfHntwodp5aE,"Palm Springs, CA, USA"
ChIJs0-pQ_FzhlQRi_OBm-qWkbs,"Vancouver, BC, Canada"
ChIJS0UZ1VSAdkgRwsB_B642Gq0,"Wokingham, UK"
ChIJS3W5ELCDgoARWnY2h74ECik,"Red Bluff, CA, USA"
ChIJS5dFe_cZTIYRj2dH9qSb7Lk,"Dallas, TX, USA"
ChIJs62M-xukj4ARHw5rfMCOzpQ,"Woodside, CA, USA"
ChIJS6udO9o1Yg0R44ELrHKofR0,"Alicante, Spain"
ChIJSa4gmTRhThARpAfXHIc9_1M,"Abuja (F.c.t.), Nigeria"
ChIJSaDVy0Wxij4Rf5_yW-qMb_U,Al Ain - Abu Dhabi - United Arab Emirates
ChIJSdRbuoqEXjkRFmVPYRHdzk8,"Ahmedabad, Gujarat, India"
ChIJSdrLfJ_hvkcRF5ZcaMb424Y,"Bonn, Germany"
ChIJSdU2fBtEjoARhfnXKksQylI,"Santa Cruz, CA, USA"
ChIJsSSk9RXcDDkR8uBQyHYF9eQ,"Faridabad, Haryana, India"
ChIJSx6SrQ9T2YARed8V_f0hOg0,"San Diego, CA, USA"
ChIJsXxpOlWLwokRd1zxj6dDblU,"Bronx, NY, USA"
ChIJSXXXH0wFhEgRcsT0XNoFu-g,"Aberdeen, UK"
ChIJsZ3dJQevthIRAuiUKHRWh60,"Montpellier, France"
ChIJsZdOWlVFbkgRdMvnL44Sdz0,"Swansea, UK"
ChIJsZORMj15Yw0RgHndwa81_do,"Huerta de Murcia, Spain"
ChIJt4P01q4DyIkRWOcjQqiWSAQ,"Baltimore, MD, USA"
ChIJt5NdltJjK4gRT1UrTHYnSqQ,"Burlington, ON, Canada"
ChIJT608vzr5sUARKKacfOMyBqw,"Bucharest, Romania"
ChIJT8JYnHsqXTkRyS53mthI7EE,"Mount Abu, Rajasthan, India"
ChIJTbOlrXM5d68RUcVJZXHyQeI,"McMurdo Station, Antarctica"
ChIJTc_rb7ctjjkRtfA_hRAXE2g,"Varanasi, Uttar Pradesh, India"
ChIJTQINP02LcC4R8rlc2rkyBB4,"Semarang, Semarang City, Central Java, Indonesia"
ChIJtQt7q_Fi5kcR8DWMaMOCCwQ,"Le Vésinet, France"
ChIJtSrI-SIk3YARATtmpMmF7UU,"Huntington Beach, CA, USA"
ChIJTUbDjDsYAHwRbJen81_1KEs,"Honolulu, HI, USA"
ChIJTw3ltPXLbUcRJzjXPKMYFps,"Wiener Neustadt, Austria"
ChIJtwS8BvsstVIRms4cddHF5DU,"Cosmos, MN, USA"
ChIJtz092XggdEgRlHn6zn-f4So,"Reading, UK"
ChIJTzBpJ8dJkEcRkIpt83DrHDY,"Basel, Switzerland"
ChIJtzLW474L3IARngTAtvs_xow,"Encinitas, CA, USA"
ChIJU-6rC34azkwRVgkUGnD17Xw,"Gatineau, QC, Canada"
ChIJu330f9-m3IAR6ApeEwXXofc,"Riverside, CA, USA"
ChIJu46S-ZZhLxMROG5lkwZ3D7k,"Rome, Metropolitan City of Rome Capital, Italy"
ChIJU6essrkipDsRbE_iHKEFBjg,"Kannur, Kerala, India"
ChIJud3-Kxem2YgR62OUJUEXvjc,"Miami Beach, FL, USA"
ChIJuResIul5YzYRLliUp_1m1IU,"Xian, Shaanxi, China"
ChIJuRMYfoNhsUcRoDrWe_I9JgQ,"Hamburg, Germany"
ChIJUSBA6qZ3b0cRIqoNvJCvUxA,"Maribor, Slovenia"
ChIJuSwU55ZS8DURiqkPryBWYrk,"Beijing, China"
ChIJUTID7vnVUUERqleWhM_A0yg,"Nizhny Novgorod, Nizhny Novgorod Oblast, Russia"
ChIJUWra-MFXXRARUdR2IqszHuc,"Uyo, Nigeria"
ChIJuyD2XARakWsRwITe81qjAgU,"Brisbane City QLD, Australia"
ChIJuYlLZidOTg0RRaaVHsSsNGU,"Bilbao, Spain"
ChIJv0sdZQY-sz4RIwxaVUQv-Zw,"Karachi, Pakistan"
ChIJV0wCcaNtxIkR4o0oI1ZU6Q4,"Phillipsburg, NJ, USA"
ChIJV5oQCXzdOkcR4ngjARfFI0I,"Lviv, Lviv Oblast, Ukraine"
ChIJV6FZWBs1RUARgoUFyx111vg,"Stepantsminda, Georgia"
ChIJv6p7MIoZ6zkR6rGN8Rt8E7U,"Kathmandu, Nepal"
ChIJvbt3k5Azs1IRB-56L4TJn5M,"Minneapolis, MN, USA"
ChIJVdvutIxiz1QRrfEteLgfO5s,"Ashland, OR, USA"
ChIJveIy5Vjp3RARKx-wVcpasME,"Dildo, Chad"
ChIJVQYXudEnwYkRKJX9Ea5JV8M,"Hammonton, NJ, USA"
ChIJvQz5TjvKvJURh47oiC6Bs6A,"Buenos Aires, Argentina"
ChIJVTPokywQkFQRmtVEaUZlJRA,"Seattle, WA, USA"
ChIJVTTpPWEQW0cRKP4kN2h9bws,"Novi Sad, Serbia"
ChIJVXealLU_xkcRja_At0z9AGY,"Amsterdam, Netherlands"
ChIJvxZW35mUkkYRcGL8GG2zAAQ,"Tallinn, Estonia"
ChIJvYXl_ZN9qF0RT83tTrrWP7M,"Baïkal, Irkutsk Oblast, Russia"
ChIJVZJb3I9b04URL4MbVqqUsJc,"Querétaro, Qro., Mexico"
ChIJvzMALdGzLYgRfyxk7FmQRnc,"Turkey Point, ON, Canada"
ChIJw-3c7rl01kgRcWDSMKIskew,"Reykjavík, Iceland"
ChIJw-l5wwyLrjgRmMulSjsyqaU,"Tashkent, Uzbekistan"
ChIJW-T2Wt7Gt4kRKl2I1CJFUsI,"Washington D.C., DC, USA"
ChIJw3UlptwEYg0RtW7yDwypnyE,"Benidorm, Spain"
ChIJW6AIkVXemwARTtIvZ2xC3FA,"Rio de Janeiro, State of Rio de Janeiro, Brazil"
ChIJW6NBUdt8WogRy2MFfAwq5jw,"Johnson City, TN, USA"
ChIJwbpYkRrs2okRxjiQtGiz12k,"Endicott, NY, USA"
ChIJwe1EZjDG5zsRaYxkjY_tpF0,"Mumbai, Maharashtra, India"
ChIJWf12_vy45zsRgwLF94V9Ns8,"Thane, Maharashtra, India"
ChIJWQbyePx1-4gRvCBgA1FnDE4,"Savannah, GA, USA"
ChIJWU_WRwNcekgRHkAMU4HQlxo,"Alsager, UK"
ChIJwVPhxKtlJA0RvBSxQFbZSKY,"Porto, Portugal"
ChIJwW3qW91d3IkRziVRueY_-Q0,"Denver, NY, USA"
ChIJwxO77w8H2YgRFnnNjY2Cd10,"Plantation, FL, USA"
ChIJwYCC5iqLOxARy9nDZ6OHntw,"Lagos, Nigeria"
ChIJWzgDxkcxR4YRXd_DZ46ApPE,"The Woodlands, TX, USA"
ChIJX_ane5Q6w4ARTTe8KondetU,"Claremont, CA, USA"
ChIJX4BV6MsTLZARc6T89JKkFYA,"Guayaquil, Ecuador"
ChIJx8_6H5v6tokR5y4WNoFWVAs,"Midway Island, VA, USA"
ChIJX8wwy6Vw44kRh2xoiWSOOsU,"Cambridge, MA, USA"
ChIJx9Lr6tqZyzsRwvu6koO3k64,"Hyderabad, Telangana, India"
ChIJxbVfgaQfTlMRa-n8WQ9rYlU,"Yellowstone National Park, WY, USA"
ChIJXdqTRVXfjkYRwCILHr3j32o,"Tampere, Finland"
ChIJxeAmNX4xTBMRxWVIe40oZHU,"Tivat, Montenegro"
ChIJXSModoWLGGARILWiCfeu2M0,"Tokió, Tokyo, Japan"
ChIJxTPK-_Lzt4kRu2o2KA9cjeU,"Edgewater, MD, USA"
ChIJxUeGHShFDhMRF8lC4o7TWnQ,"Valletta, Malta"
ChIJxWtbvYdXei4RcU9o09Q_ciE,"Yogyakarta, Yogyakarta City, Special Region of Yogyakarta, Indonesia"
ChIJxytco5X4AjQRFeTqrXXgWQ4,"Guangzhou, Guangdong Province, China"
ChIJxz7uGfbFBZERSi5FzLlsIBQ,"Lima, Peru"
ChIJxZVL14RjkDUR1XRgDdZJxk4,"Yantai, Shandong, China"
ChIJxZZwR28JvUcRAMawKVBDIgQ,"Frankfurt, Germany"
ChIJy2fzUCrMXVMRLoCUyncS4-k,"Missoula, MT, USA"
ChIJy2lK5P67Ig0R_W_BaKJsyKE,"Madeirã, Portugal"
ChIJy3mhUO0SK4cRrBtKNfjHaYw,"Phoenix, AZ, USA"
ChIJy3TpSfyxOG0RcLQTomPvAAo,"Wellington, New Zealand"
ChIJY61lyDdR8DURicN9xoOvSNM,"Hai Dian Qu, Beijing, China"
ChIJY8brMS-CKYcRiYwiYNqFtXo,"Top-of-the-World, AZ, USA"
ChIJy9MnEsOD0DYRNgpPmKTzscw,"Kunming, Yunnan, China"
ChIJybDUc_xKtUYRTM9XV8zWRD0,"Moscow, Russia"
ChIJyc_U0TTDQUcRYBEeDCnEAAQ,"Budapest, Hungary"
ChIJyduBuZl8L4kR0lBeSNMB7yo,"Nassau, The Bahamas"
ChIJYeZuBI9YwokRjMDs_IEyCwo,"Manhattan, New York, NY, USA"
ChIJYTN9T-plUjoRM9RjaAunYW4,"Chennai, Tamil Nadu, India"
ChIJyTutr4QK3YkRsMcZlp-UDKk,"Red Hook, NY, USA"
ChIJywtkGTF2X0YRZnedZ9MnDag,"Stockholm, Sweden"
ChIJyY4rtGcX2jERIKTarqz3AAQ,Singapore
ChIJZ_YISduC-DkRvCxsj-Yw40M,"Kolkata, West Bengal, India"
ChIJz0bVI-Gwj4AR_KZl1l0YBWU,"Los Altos, CA, USA"
ChIJZ2jHc-2kw0cRpwJzeGY6i8E,"Bruxelles, Belgium"
ChIJZ5V7lMo4xokRbN501Xx-Fak,"Intercourse, PA, USA"
ChIJZ5VlK-5UkFQRgp6w6wecIWI,"Tacoma, WA, USA"
ChIJZ9j1bLz-JA0RGOLRYkEFXbw,"Braga, Portugal"
ChIJzWRvDH6FfUgRkWGncrBS4gs,"Newcastle upon Tyne, UK"
ChIJzWXFYYuifDUR64Pq5LTtioU,"Seoul, South Korea"
ChIJzWz2l0jf6kARWgRFofaUIlI,Ukraine
ChIJzxcfI6qAa4cR1jaKJ_j0jhE,"Denver, CO, USA"
ChIJZYIRslSkIIYRtNMiXuhbBts,"New Orleans, LA, USA"
ChIJZZZY9GE40i0RMP2CyvsLAwU,"Canggu, Badung Regency, Bali, Indonesia"
